"Date & Time","Event Reference","Subject","Reference","Type"
"17/07/2024 14:38","SEC001588","-","12164","-"
"17/07/2024 14:28","SEC001587","-","12152","-"
"16/07/2024 14:41","SEC001575","-","12140","-"
"16/07/2024 14:40","AA001574","-","12128","-"
"16/07/2024 13:33","SEC001573","-","12116","-"
"16/07/2024 13:22","SEC001572","-","12104","-"
"16/07/2024 13:20","SEC001571","-","12092","-"
"16/07/2024 13:18","SEC001570","-","12080","-"
"16/07/2024 13:17","SEC001569","-","12068","-"
"16/07/2024 13:14","SEC001568","-","12056","-"
"16/07/2024 13:13","SEC001567","-","12044","-"
"16/07/2024 13:11","SEC001566","-","12032","-"
"16/07/2024 13:10","SEC001565","-","12020","-"
"16/07/2024 13:09","SEC001564","-","12008","-"
"16/07/2024 13:07","AA001563","-","11996","-"
"15/07/2024 19:01","SEC001562","-","11984","-"
"15/07/2024 18:51","SEC001561","-","11972","-"
"15/07/2024 18:42","SEC001560","-","11960","-"
"15/07/2024 18:40","SEC001559","-","11948","-"
"15/07/2024 18:39","SEC001558","-","11936","-"
"15/07/2024 18:37","SEC001557","-","11924","-"
"15/07/2024 18:35","SEC001556","-","11912","-"
"15/07/2024 18:33","SEC001555","-","11900","-"
"15/07/2024 18:32","SEC001554","-","11888","-"
"15/07/2024 18:31","SEC001553","-","11876","-"
"15/07/2024 18:29","AA001552","-","11864","-"
"15/07/2024 18:28","AA001551","-","11852","-"
"10/07/2024 11:54","SEC001550","-","11840","-"
"09/07/2024 11:12","SEC001549","-","11828","-"
"09/07/2024 11:03","SEC001548","-","11816","-"
"09/07/2024 10:53","SEC001547","-","11804","-"
"09/07/2024 10:52","SEC001546","-","11792","-"
"09/07/2024 10:50","SEC001545","-","11780","-"
"09/07/2024 10:48","SEC001544","-","11768","-"
"09/07/2024 10:46","SEC001543","-","11756","-"
"09/07/2024 10:45","SEC001542","-","11744","-"
"09/07/2024 10:43","SEC001541","-","11732","-"
"09/07/2024 10:42","SEC001540","-","11720","-"
"09/07/2024 10:41","SEC001539","-","11708","-"
"09/07/2024 10:39","AA001538","-","11696","-"
"09/07/2024 10:38","AA001537","-","11684","-"
"08/07/2024 15:55","SEC001123","-","11680","-"
"05/07/2024 19:37","SEC001534","-","11671","-"
"05/07/2024 14:37","SEC001529","-","11647","-"
"05/07/2024 14:00","EVA001522","-","11635","-"
"05/07/2024 13:35","SEC001521","-","11623","-"
"05/07/2024 13:16","SEC001520","-","11611","-"
"05/07/2024 11:23","SEC001518","-","11599","-"
"05/07/2024 11:14","SEC001517","-","11587","-"
"05/07/2024 11:04","SEC001516","-","11575","-"
"05/07/2024 11:03","SEC001515","-","11563","-"
"05/07/2024 11:01","SEC001514","-","11551","-"
"05/07/2024 10:59","SEC001513","-","11539","-"
"05/07/2024 10:58","SEC001512","-","11527","-"
"05/07/2024 10:56","SEC001511","-","11515","-"
"05/07/2024 10:55","SEC001510","-","11503","-"
"05/07/2024 10:53","SEC001509","-","11491","-"
"05/07/2024 10:52","AA001508","-","11479","-"
"05/07/2024 10:51","AA001507","-","11467","-"
"04/07/2024 20:17","SEC001506","-","11455","-"
"04/07/2024 17:50","SEC001505","-","11443","-"
"04/07/2024 17:48","SEC001504","-","11431","-"
"04/07/2024 17:31","SEC001503","-","11419","-"
"04/07/2024 17:20","SEC001502","-","11407","-"
"04/07/2024 17:18","SEC001501","-","11395","-"
"04/07/2024 17:16","SEC001500","-","11383","-"
"04/07/2024 17:15","SEC001499","-","11371","-"
"04/07/2024 17:13","SEC001498","-","11359","-"
"04/07/2024 17:11","SEC001497","-","11347","-"
"04/07/2024 17:10","SEC001496","-","11335","-"
"04/07/2024 17:08","SEC001495","-","11323","-"
"04/07/2024 17:07","SEC001494","-","11311","-"
"04/07/2024 17:06","AA001493","-","11299","-"
"04/07/2024 17:05","AA001492","-","11287","-"
"04/07/2024 16:28","SEC001491","-","11275","-"
"04/07/2024 16:22","SEC001490","-","11263","-"
"04/07/2024 16:20","SEC001489","-","11251","-"
"04/07/2024 16:18","SEC001488","-","11239","-"
"04/07/2024 13:37","SEC001487","-","11227","-"
"04/07/2024 13:13","SEC001486","-","11215","-"
"04/07/2024 12:21","SEC001485","-","11203","-"
"04/07/2024 10:42","SEC001484","-","11191","-"
"04/07/2024 10:27","SEC001483","-","11179","-"
"04/07/2024 10:17","SEC001482","-","11167","-"
"03/07/2024 21:40","SEC001481","-","11155","-"
"03/07/2024 21:39","SEC001480","-","11143","-"
"03/07/2024 21:37","SEC001479","-","11131","-"
"03/07/2024 21:35","SEC001478","-","11119","-"
"03/07/2024 21:34","SEC001477","-","11107","-"
"03/07/2024 21:32","SEC001476","-","11095","-"
"03/07/2024 21:31","SEC001475","-","11083","-"
"03/07/2024 21:29","SEC001474","-","11071","-"
"03/07/2024 21:28","SEC001473","-","11059","-"
"03/07/2024 21:27","AA001472","-","11047","-"
"03/07/2024 21:26","AA001471","-","11035","-"
"03/07/2024 21:09","SEC001470","-","11023","-"
"03/07/2024 21:02","AA001469","-","11011","-"
"03/07/2024 20:57","AA001468","-","10999","-"
"03/07/2024 17:32","AA001467","-","10987","-"
"03/07/2024 17:16","AA001466","-","10975","-"
"02/07/2024 13:36","SEC001465","-","10963","-"
"01/07/2024 15:03","SEC001463","-","10951","-"
"01/07/2024 14:54","SEC001462","-","10939","-"
"01/07/2024 14:52","SEC001461","-","10927","-"
"01/07/2024 14:50","SEC001460","-","10915","-"
"01/07/2024 14:49","SEC001459","-","10903","-"
"01/07/2024 14:47","SEC001458","-","10891","-"
"01/07/2024 14:46","SEC001457","-","10879","-"
"01/07/2024 14:44","SEC001456","-","10867","-"
"01/07/2024 14:43","SEC001455","-","10855","-"
"01/07/2024 14:42","SEC001454","-","10843","-"
"01/07/2024 14:40","AA001453","-","10831","-"
"01/07/2024 14:39","AA001452","-","10819","-"
"01/07/2024 13:02","SEC001451","-","10807","-"
"01/07/2024 12:01","SEC001450","-","10795","-"
"01/07/2024 11:58","SEC001449","-","10783","-"
"01/07/2024 11:43","SEC001448","-","10771","-"
"01/07/2024 11:35","SEC001447","-","10759","-"
"01/07/2024 11:33","SEC001446","-","10747","-"
"01/07/2024 11:31","SEC001445","-","10735","-"
"01/07/2024 11:30","SEC001444","-","10723","-"
"01/07/2024 11:28","SEC001443","-","10711","-"
"01/07/2024 11:26","SEC001442","-","10699","-"
"01/07/2024 11:25","SEC001441","-","10687","-"
"01/07/2024 11:23","SEC001440","-","10675","-"
"01/07/2024 11:22","SEC001439","-","10663","-"
"01/07/2024 11:21","AA001438","-","10651","-"
"01/07/2024 11:20","AA001437","-","10639","-"
"28/06/2024 19:41","SEC001436","-","10627","-"
"28/06/2024 18:23","SEC001435","-","10615","-"
"28/06/2024 10:58","SEC001434","-","10603","-"
"26/06/2024 22:09","SEC001433","-","10591","-"
"26/06/2024 22:06","SEC001432","-","10579","-"
"26/06/2024 21:56","SEC001431","-","10567","-"
"26/06/2024 21:50","SEC001430","-","10555","-"
"26/06/2024 21:48","SEC001429","-","10543","-"
"26/06/2024 21:46","SEC001428","-","10531","-"
"26/06/2024 21:44","SEC001427","-","10519","-"
"26/06/2024 21:42","SEC001426","-","10507","-"
"26/06/2024 21:41","SEC001425","-","10495","-"
"26/06/2024 21:39","SEC001424","-","10483","-"
"26/06/2024 21:37","SEC001423","-","10471","-"
"26/06/2024 21:36","AA001422","-","10459","-"
"26/06/2024 21:35","AA001421","-","10447","-"
"26/06/2024 21:11","SEC001420","-","10435","-"
"26/06/2024 20:53","SEC001419","-","10423","-"
"26/06/2024 20:42","SEC001418","-","10411","-"
"26/06/2024 20:40","SEC001417","-","10399","-"
"26/06/2024 20:38","SEC001416","-","10387","-"
"26/06/2024 20:36","SEC001415","-","10375","-"
"26/06/2024 20:34","SEC001414","-","10363","-"
"26/06/2024 20:32","SEC001413","-","10351","-"
"26/06/2024 20:30","SEC001412","-","10339","-"
"26/06/2024 20:29","SEC001411","-","10327","-"
"26/06/2024 20:27","AA001410","-","10315","-"
"26/06/2024 20:26","AA001409","-","10303","-"
"26/06/2024 18:58","SEC001408","-","10291","-"
"26/06/2024 18:56","SEC001407","-","10279","-"
"26/06/2024 18:54","AA001406","-","10267","-"
"26/06/2024 18:53","AA001405","-","10255","-"
"26/06/2024 17:03","SEC001404","-","10243","-"
"26/06/2024 16:59","SEC001403","-","10231","-"
"26/06/2024 16:57","SEC001402","-","10219","-"
"26/06/2024 16:55","SEC001401","-","10207","-"
"26/06/2024 16:53","SEC001400","-","10195","-"
"26/06/2024 16:51","SEC001399","-","10183","-"
"26/06/2024 16:49","SEC001398","-","10171","-"
"26/06/2024 16:47","SEC001397","-","10159","-"
"26/06/2024 16:45","SEC001396","-","10147","-"
"26/06/2024 16:43","SEC001395","-","10135","-"
"26/06/2024 16:42","AA001394","-","10123","-"
"26/06/2024 16:40","AA001393","-","10111","-"
"26/06/2024 16:28","SEC001392","-","10099","-"
"26/06/2024 16:23","SEC001391","-","10087","-"
"26/06/2024 16:22","SEC001390","-","10075","-"
"26/06/2024 16:20","SEC001389","-","10063","-"
"26/06/2024 16:18","SEC001388","-","10051","-"
"26/06/2024 16:16","SEC001387","-","10039","-"
"26/06/2024 16:14","SEC001386","-","10027","-"
"26/06/2024 16:12","SEC001385","-","10015","-"
"26/06/2024 16:10","SEC001384","-","10003","-"
"26/06/2024 16:08","SEC001383","-","9991","-"
"26/06/2024 16:07","AA001382","-","9979","-"
"26/06/2024 16:05","AA001381","-","9967","-"
"26/06/2024 15:25","SEC001380","-","9955","-"
"26/06/2024 15:21","SEC001379","-","9943","-"
"26/06/2024 15:20","SEC001378","-","9931","-"
"26/06/2024 15:18","SEC001377","-","9919","-"
"26/06/2024 15:16","SEC001376","-","9907","-"
"26/06/2024 15:14","SEC001375","-","9895","-"
"26/06/2024 15:12","SEC001374","-","9883","-"
"26/06/2024 15:10","SEC001373","-","9871","-"
"26/06/2024 15:08","SEC001372","-","9859","-"
"26/06/2024 14:55","SEC001371","-","9847","-"
"26/06/2024 14:51","SEC001370","-","9835","-"
"18/07/2024 13:03","-","-","9823","-"
"18/07/2024 13:03","-","-","9811","-"
"18/07/2024 13:03","-","-","9799","-"
"18/07/2024 13:03","-","-","9787","-"
"18/07/2024 13:03","-","-","9775","-"
"26/06/2024 14:40","SEC001364","-","9763","-"
"26/06/2024 14:38","SEC001363","-","9751","-"
"26/06/2024 14:37","SEC001362","-","9739","-"
"26/06/2024 14:35","AA001361","-","9727","-"
"26/06/2024 14:34","AA001360","-","9715","-"
"26/06/2024 13:32","SEC001359","-","9703","-"
"26/06/2024 13:28","SEC001358","-","9691","-"
"26/06/2024 13:27","SEC001357","-","9679","-"
"26/06/2024 13:25","SEC001356","-","9667","-"
"26/06/2024 13:23","SEC001355","-","9655","-"
"26/06/2024 13:21","SEC001354","-","9643","-"
"26/06/2024 13:20","SEC001353","-","9631","-"
"26/06/2024 13:18","SEC001352","-","9619","-"
"26/06/2024 13:16","SEC001351","-","9607","-"
"26/06/2024 13:14","SEC001350","-","9595","-"
"26/06/2024 13:13","AA001349","-","9583","-"
"26/06/2024 13:11","AA001348","-","9571","-"
"26/06/2024 13:00","SEC001347","-","9559","-"
"26/06/2024 12:56","SEC001346","-","9547","-"
"26/06/2024 12:55","SEC001345","-","9535","-"
"26/06/2024 12:53","SEC001344","-","9523","-"
"26/06/2024 12:51","SEC001343","-","9511","-"
"26/06/2024 12:49","SEC001342","-","9499","-"
"26/06/2024 12:47","SEC001341","-","9487","-"
"26/06/2024 12:45","SEC001340","-","9475","-"
"26/06/2024 12:43","SEC001339","-","9463","-"
"26/06/2024 12:42","SEC001338","-","9451","-"
"26/06/2024 12:40","AA001337","-","9439","-"
"26/06/2024 12:39","AA001336","-","9427","-"
"25/06/2024 16:13","SEC001335","-","9415","-"
"25/06/2024 12:39","SEC001334","-","9403","-"
"25/06/2024 12:36","SEC001333","-","9391","-"
"25/06/2024 12:36","AA001332","-","9379","-"
"25/06/2024 12:01","SEC001329","-","9367","-"
"25/06/2024 11:57","SEC001328","-","9355","-"
"25/06/2024 11:56","SEC001327","-","9343","-"
"25/06/2024 11:39","SEC001326","-","9331","-"
"25/06/2024 11:31","SEC001325","-","9319","-"
"25/06/2024 11:29","SEC001324","-","9307","-"
"25/06/2024 11:27","SEC001323","-","9295","-"
"25/06/2024 11:24","SEC001322","-","9283","-"
"25/06/2024 11:23","SEC001321","-","9271","-"
"25/06/2024 11:21","SEC001320","-","9259","-"
"25/06/2024 11:19","SEC001319","-","9247","-"
"25/06/2024 11:17","AA001318","-","9235","-"
"25/06/2024 11:16","AA001317","-","9223","-"
"24/06/2024 11:26","SEC001312","-","9211","-"
"24/06/2024 11:09","SEC001311","-","9199","-"
"21/06/2024 16:29","SEC001309","-","9187","-"
"21/06/2024 13:06","SEC001305","-","9175","-"
"21/06/2024 13:01","SEC001304","-","9163","-"
"21/06/2024 13:00","SEC001303","-","9151","-"
"21/06/2024 12:58","SEC001302","-","9139","-"
"21/06/2024 12:43","SEC001301","-","9127","-"
"21/06/2024 12:33","SEC001300","-","9115","-"
"21/06/2024 12:31","SEC001299","-","9103","-"
"21/06/2024 12:28","SEC001298","-","9091","-"
"21/06/2024 12:26","SEC001297","-","9079","-"
"21/06/2024 12:24","SEC001296","-","9067","-"
"21/06/2024 12:22","SEC001295","-","9055","-"
"21/06/2024 12:20","SEC001294","-","9043","-"
"21/06/2024 12:18","AA001293","-","9031","-"
"21/06/2024 12:17","AA001292","-","9019","-"
"21/06/2024 12:07","SEC001291","-","9007","-"
"21/06/2024 10:31","SEC001290","-","8995","-"
"21/06/2024 10:29","SEC001289","-","8983","-"
"21/06/2024 10:27","SEC001288","-","8971","-"
"21/06/2024 10:24","SEC001287","-","8959","-"
"21/06/2024 10:22","SEC001286","-","8947","-"
"21/06/2024 10:20","SEC001285","-","8935","-"
"21/06/2024 10:18","SEC001284","-","8923","-"
"21/06/2024 10:17","SEC001283","-","8911","-"
"21/06/2024 10:15","AA001282","-","8899","-"
"21/06/2024 10:14","AA001281","-","8887","-"
"19/06/2024 18:48","WF001280","-","8875","-"
"13/06/2024 11:26","SEC001277","-","8863","-"
"13/06/2024 11:22","SEC001276","-","8851","-"
"13/06/2024 11:09","SEC001275","-","8839","-"
"13/06/2024 11:01","SEC001274","-","8827","-"
"13/06/2024 10:59","SEC001273","-","8815","-"
"13/06/2024 10:57","SEC001272","-","8803","-"
"13/06/2024 10:55","SEC001271","-","8791","-"
"13/06/2024 10:52","SEC001270","-","8779","-"
"13/06/2024 10:51","SEC001269","-","8767","-"
"13/06/2024 10:49","SEC001268","-","8755","-"
"13/06/2024 10:47","SEC001267","-","8743","-"
"13/06/2024 10:46","SEC001266","-","8731","-"
"13/06/2024 10:44","AA001265","-","8719","-"
"13/06/2024 10:43","AA001264","-","8707","-"
"12/06/2024 15:08","EVA001263","-","8695","-"
"12/06/2024 13:52","SEC001262","-","8683","-"
"12/06/2024 13:51","SEC001261","-","8671","-"
"12/06/2024 13:49","SEC001260","-","8659","-"
"12/06/2024 13:47","SEC001259","-","8647","-"
"12/06/2024 13:46","AA001258","-","8635","-"
"18/07/2024 13:03","-","-","8623","-"
"18/07/2024 13:03","-","-","8611","-"
"18/07/2024 13:03","-","-","8599","-"
"18/07/2024 13:03","-","-","8587","-"
"18/07/2024 13:03","-","-","8575","-"
"11/06/2024 16:02","SEC001213","NEW INCIDENT: SEC001213 - Security & Crime - Violence - Verbal Abuse","8563","Email"
"11/06/2024 16:00","SEC001212","NEW INCIDENT: SEC001212 - Security & Crime - Violence - Verbal Abuse","8551","Email"
"11/06/2024 15:58","SEC001211","-","8539","-"
"11/06/2024 15:56","SEC001210","-","8527","-"
"11/06/2024 15:54","SEC001209","-","8515","-"
"11/06/2024 15:52","SEC001208","-","8503","-"
"11/06/2024 15:51","SEC001207","-","8491","-"
"11/06/2024 15:49","SEC001206","-","8479","-"
"11/06/2024 15:47","AA001205","-","8467","-"
"11/06/2024 15:47","AA001204","-","8455","-"
"11/06/2024 15:41","SEC001203","-","8443","-"
"07/06/2024 17:59","SEC001190","-","8431","-"
"07/06/2024 17:53","AA001189","-","8419","-"
"07/06/2024 15:58","SEC001177","-","8407","-"
"07/06/2024 13:57","SEC001165","-","8395","-"
"07/06/2024 13:46","SEC001164","-","8383","-"
"07/06/2024 13:44","SEC001163","-","8371","-"
"07/06/2024 13:42","SEC001162","-","8359","-"
"07/06/2024 13:41","SEC001161","-","8347","-"
"07/06/2024 13:38","SEC001160","-","8335","-"
"07/06/2024 13:37","SEC001159","-","8323","-"
"07/06/2024 13:35","SEC001158","-","8311","-"
"07/06/2024 13:33","SEC001157","-","8299","-"
"07/06/2024 13:32","SEC001156","-","8287","-"
"07/06/2024 13:30","AA001155","-","8275","-"
"07/06/2024 13:29","AA001154","-","8263","-"
"04/06/2024 17:23","SEC001153","-","8251","-"
"04/06/2024 17:11","SEC001152","-","8239","-"
"04/06/2024 17:00","SEC001151","-","8227","-"
"04/06/2024 16:58","SEC001150","-","8215","-"
"04/06/2024 16:56","SEC001149","-","8203","-"
"04/06/2024 16:54","SEC001148","-","8191","-"
"04/06/2024 16:52","SEC001147","-","8179","-"
"04/06/2024 16:50","SEC001146","-","8167","-"
"04/06/2024 16:48","SEC001145","-","8155","-"
"04/06/2024 16:46","SEC001144","-","8143","-"
"04/06/2024 16:45","SEC001143","-","8131","-"
"04/06/2024 16:43","AA001142","-","8119","-"
"04/06/2024 16:42","AA001141","-","8107","-"
"04/06/2024 16:00","SEC001140","-","8095","-"
"04/06/2024 15:57","SEC001139","-","8083","-"
"04/06/2024 15:44","SEC001138","-","8071","-"
"04/06/2024 15:33","SEC001137","-","8059","-"
"04/06/2024 15:31","SEC001136","-","8047","-"
"04/06/2024 15:29","SEC001135","-","8035","-"
"04/06/2024 15:27","SEC001134","-","8023","-"
"04/06/2024 15:25","SEC001133","-","8011","-"
"04/06/2024 15:23","SEC001132","-","7999","-"
"04/06/2024 15:22","SEC001131","-","7987","-"
"04/06/2024 15:20","SEC001130","-","7975","-"
"04/06/2024 15:19","SEC001129","-","7963","-"
"04/06/2024 15:17","AA001128","-","7951","-"
"04/06/2024 15:16","AA001127","-","7939","-"
"04/06/2024 14:34","SEC001126","-","7927","-"
"04/06/2024 14:23","SEC001125","-","7915","-"
"04/06/2024 14:21","SEC001124","-","7903","-"
"04/06/2024 14:19","SEC001123","-","7891","-"
"04/06/2024 14:16","SEC001122","-","7879","-"
"04/06/2024 14:15","SEC001121","-","7867","-"
"04/06/2024 14:13","SEC001120","-","7855","-"
"04/06/2024 14:11","SEC001119","-","7843","-"
"04/06/2024 14:10","SEC001118","-","7831","-"
"04/06/2024 14:08","AA001117","-","7819","-"
"04/06/2024 14:07","AA001116","-","7807","-"
"04/06/2024 11:53","SEC001115","-","7795","-"
"04/06/2024 11:42","SEC001114","-","7783","-"
"04/06/2024 11:39","SEC001113","-","7771","-"
"04/06/2024 11:37","SEC001112","-","7759","-"
"04/06/2024 11:35","SEC001111","-","7747","-"
"04/06/2024 11:32","SEC001110","-","7735","-"
"04/06/2024 11:31","SEC001109","-","7723","-"
"04/06/2024 11:29","SEC001108","-","7711","-"
"04/06/2024 11:27","SEC001107","-","7699","-"
"04/06/2024 11:26","SEC001106","-","7687","-"
"04/06/2024 11:24","AA001105","-","7675","-"
"04/06/2024 11:23","AA001104","-","7663","-"
"30/05/2024 15:59","SEC001103","-","7651","-"
"30/05/2024 10:25","SEC001101","-","7639","-"
"30/05/2024 10:14","SEC001100","-","7627","-"
"30/05/2024 10:12","SEC001099","-","7615","-"
"30/05/2024 10:10","SEC001098","-","7603","-"
"30/05/2024 10:08","SEC001097","-","7591","-"
"30/05/2024 10:05","SEC001096","-","7579","-"
"30/05/2024 10:04","SEC001095","-","7567","-"
"30/05/2024 10:02","SEC001094","-","7555","-"
"30/05/2024 10:01","SEC001093","-","7543","-"
"30/05/2024 09:59","SEC001092","-","7531","-"
"30/05/2024 09:58","AA001091","-","7519","-"
"30/05/2024 09:57","AA001090","-","7507","-"
"29/05/2024 13:16","SEC001088","-","7495","-"
"29/05/2024 11:22","SEC001086","-","7483","-"
"29/05/2024 11:11","SEC001085","-","7471","-"
"29/05/2024 11:09","SEC001084","-","7459","-"
"29/05/2024 11:07","SEC001083","-","7447","-"
"29/05/2024 11:05","SEC001082","-","7435","-"
"29/05/2024 11:03","SEC001081","-","7423","-"
"29/05/2024 11:01","SEC001080","-","7411","-"
"29/05/2024 11:00","SEC001079","-","7399","-"
"29/05/2024 10:58","SEC001078","-","7387","-"
"29/05/2024 10:57","SEC001077","-","7375","-"
"29/05/2024 10:55","AA001076","NEW INCIDENT: AA001076 - Alarm Activations - Activated Alarms - Alarm Not Set","7363","Email"
"29/05/2024 10:54","AA001075","NEW INCIDENT: AA001075 - Alarm Activations - Activated Alarms - Alarm Not Set","7351","Email"
"28/05/2024 17:46","SEC001072","-","7339","-"
"28/05/2024 17:11","SEC001071","-","7327","-"
"28/05/2024 17:06","SEC001070","-","7315","-"
"28/05/2024 16:51","SEC001069","NEW INCIDENT: SEC001069 - Security & Crime - Violence - Verbal Abuse","7303","Email"
"28/05/2024 16:50","SEC001068","-","7291","-"
"28/05/2024 16:47","SEC001067","-","7279","-"
"28/05/2024 16:46","SEC001066","-","7267","-"
"28/05/2024 16:43","SEC001065","-","7255","-"
"28/05/2024 16:32","SEC001064","-","7243","-"
"28/05/2024 16:28","AA001063","-","7231","-"
"28/05/2024 16:27","SEC001062","-","7219","-"
"28/05/2024 16:21","SEC001061","-","7207","-"
"28/05/2024 16:19","SEC001060","-","7195","-"
"28/05/2024 16:14","SEC001059","-","7183","-"
"28/05/2024 16:12","SEC001058","-","7171","-"
"28/05/2024 16:10","SEC001057","-","7159","-"
"28/05/2024 16:09","SEC001056","-","7147","-"
"28/05/2024 16:07","SEC001055","-","7135","-"
"28/05/2024 16:06","SEC001054","-","7123","-"
"28/05/2024 16:04","AA001053","-","7111","-"
"28/05/2024 16:03","AA001052","NEW INCIDENT: AA001052 - Alarm Activations - Activated Alarms - Alarm Not Set","7099","Email"
"28/05/2024 14:58","SEC001048","-","7087","-"
"27/05/2024 16:24","SEC001045","-","7075","-"
"27/05/2024 16:13","SEC001044","-","7063","-"
"27/05/2024 16:11","SEC001043","-","7051","-"
"27/05/2024 16:09","SEC001042","-","7039","-"
"27/05/2024 16:07","SEC001041","-","7027","-"
"27/05/2024 16:05","SEC001040","-","7015","-"
"27/05/2024 16:03","SEC001039","NEW INCIDENT: SEC001039 - Security & Crime - Violence - Verbal Abuse","7003","Email"
"27/05/2024 16:01","SEC001038","-","6991","-"
"27/05/2024 16:00","SEC001037","-","6979","-"
"27/05/2024 15:59","SEC001036","-","6967","-"
"27/05/2024 15:57","AA001035","-","6955","-"
"27/05/2024 15:56","AA001034","-","6943","-"
"27/05/2024 13:07","SEC001024","-","6931","-"
"27/05/2024 11:17","SEC001021","-","6919","-"
"27/05/2024 11:06","SEC001020","-","6907","-"
"27/05/2024 11:04","SEC001019","-","6895","-"
"27/05/2024 11:02","SEC001018","-","6883","-"
"27/05/2024 11:00","SEC001017","-","6871","-"
"27/05/2024 10:58","SEC001016","-","6859","-"
"27/05/2024 10:56","SEC001015","-","6847","-"
"27/05/2024 10:55","SEC001014","-","6835","-"
"27/05/2024 10:53","SEC001013","-","6823","-"
"27/05/2024 10:52","SEC001012","-","6811","-"
"27/05/2024 10:50","AA001011","-","6799","-"
"27/05/2024 10:49","AA001010","-","6787","-"
"27/05/2024 10:20","SEC001009","-","6775","-"
"24/05/2024 11:54","SEC001008","-","6763","-"
"24/05/2024 11:45","SEC001007","-","6751","-"
"24/05/2024 11:43","SEC001006","-","6739","-"
"24/05/2024 11:41","SEC001005","-","6727","-"
"24/05/2024 11:39","SEC001004","-","6715","-"
"24/05/2024 11:37","SEC001003","-","6703","-"
"24/05/2024 11:36","SEC001002","-","6691","-"
"24/05/2024 11:34","SEC001001","-","6679","-"
"24/05/2024 11:33","SEC001000","-","6667","-"
"24/05/2024 11:32","SEC000999","-","6655","-"
"24/05/2024 11:30","AA000998","-","6643","-"
"24/05/2024 11:30","AA000997","-","6631","-"
"24/05/2024 10:51","SEC000996","-","6619","-"
"24/05/2024 10:40","SEC000995","-","6607","-"
"24/05/2024 10:29","SEC000994","-","6595","-"
"24/05/2024 10:19","SEC000993","-","6583","-"
"24/05/2024 10:17","SEC000992","-","6571","-"
"24/05/2024 10:15","SEC000991","-","6559","-"
"24/05/2024 10:14","SEC000990","-","6547","-"
"24/05/2024 10:12","SEC000989","-","6535","-"
"24/05/2024 10:10","SEC000988","-","6523","-"
"24/05/2024 10:09","SEC000987","-","6511","-"
"24/05/2024 10:07","SEC000986","-","6499","-"
"24/05/2024 10:06","SEC000985","NEW INCIDENT: SEC000985 - Security & Crime - Violence - Verbal Abuse","6487","Email"
"24/05/2024 10:05","AA000984","-","6475","-"
"24/05/2024 10:04","AA000983","-","6463","-"
"23/05/2024 18:07","AA000982","-","6451","-"
"23/05/2024 17:44","SEC000981","-","6439","-"
"23/05/2024 17:32","SEC000980","-","6427","-"
"23/05/2024 17:22","SEC000979","-","6415","-"
"23/05/2024 17:20","SEC000978","-","6403","-"
"23/05/2024 17:18","SEC000977","-","6391","-"
"23/05/2024 17:17","SEC000976","-","6379","-"
"23/05/2024 17:15","SEC000975","-","6367","-"
"23/05/2024 17:13","SEC000974","-","6355","-"
"23/05/2024 17:12","SEC000973","-","6343","-"
"23/05/2024 17:10","SEC000972","-","6331","-"
"23/05/2024 17:09","SEC000971","-","6319","-"
"23/05/2024 17:08","AA000970","-","6307","-"
"23/05/2024 17:07","AA000969","-","6295","-"
"23/05/2024 15:16","SEC000968","-","6283","-"
"23/05/2024 15:06","SEC000967","-","6271","-"
"23/05/2024 15:04","SEC000966","-","6259","-"
"23/05/2024 15:02","SEC000965","-","6247","-"
"23/05/2024 15:01","SEC000964","-","6235","-"
"23/05/2024 14:59","SEC000963","-","6223","-"
"23/05/2024 14:57","SEC000962","-","6211","-"
"23/05/2024 14:56","SEC000961","-","6199","-"
"23/05/2024 14:54","SEC000960","-","6187","-"
"23/05/2024 14:53","SEC000959","-","6175","-"
"23/05/2024 14:52","AA000958","NEW INCIDENT: AA000958 - Alarm Activations - Activated Alarms - Alarm Not Set","6163","Email"
"23/05/2024 14:51","AA000957","NEW INCIDENT: AA000957 - Alarm Activations - Activated Alarms - Alarm Not Set","6151","Email"
"23/05/2024 14:43","SEC000956","NEW INCIDENT: SEC000956 - Security & Crime - Violence - Verbal Abuse","6139","Email"
"23/05/2024 10:01","SEC000955","NEW INCIDENT: SEC000955 - Security & Crime - Violence - Verbal Abuse","6127","Email"
"23/05/2024 09:59","SEC000954","NEW INCIDENT: SEC000954 - Security & Crime - Violence - Verbal Abuse","6115","Email"
"23/05/2024 09:56","SEC000953","NEW INCIDENT: SEC000953 - Security & Crime - Violence - Verbal Abuse","6103","Email"
"23/05/2024 09:54","SEC000952","NEW INCIDENT: SEC000952 - Security & Crime - Violence - Verbal Abuse","6091","Email"
"23/05/2024 09:49","SEC000951","NEW INCIDENT: SEC000951 - Security & Crime - Violence - Verbal Abuse","6079","Email"
"23/05/2024 09:40","SEC000950","NEW INCIDENT: SEC000950 - Security & Crime - Violence - Verbal Abuse","6067","Email"
"23/05/2024 09:37","SEC000949","NEW INCIDENT: SEC000949 - Security & Crime - Violence - Verbal Abuse","6055","Email"
"23/05/2024 09:35","SEC000948","NEW INCIDENT: SEC000948 - Security & Crime - Violence - Verbal Abuse","6043","Email"
"23/05/2024 09:33","SEC000947","NEW INCIDENT: SEC000947 - Security & Crime - Violence - Verbal Abuse","6031","Email"
"23/05/2024 09:30","SEC000946","NEW INCIDENT: SEC000946 - Security & Crime - Violence - Verbal Abuse","6019","Email"
"23/05/2024 09:29","SEC000945","NEW INCIDENT: SEC000945 - Security & Crime - Violence - Verbal Abuse","6007","Email"
"23/05/2024 09:27","SEC000944","NEW INCIDENT: SEC000944 - Security & Crime - Violence - Verbal Abuse","5995","Email"
"23/05/2024 09:26","SEC000943","NEW INCIDENT: SEC000943 - Security & Crime - Violence - Verbal Abuse","5983","Email"
"23/05/2024 09:25","SEC000942","-","5971","-"
"23/05/2024 09:23","AA000941","-","5959","-"
"23/05/2024 09:23","AA000940","-","5947","-"
"22/05/2024 22:25","SEC000939","-","5935","-"
"22/05/2024 22:15","SEC000938","-","5923","-"
"22/05/2024 22:13","SEC000937","-","5911","-"
"22/05/2024 22:10","SEC000936","-","5899","-"
"22/05/2024 22:08","SEC000935","-","5887","-"
"22/05/2024 22:05","SEC000934","-","5875","-"
"22/05/2024 22:03","SEC000933","-","5863","-"
"22/05/2024 22:01","SEC000932","-","5851","-"
"22/05/2024 21:59","SEC000931","-","5839","-"
"22/05/2024 21:58","SEC000930","-","5827","-"
"22/05/2024 21:56","AA000929","-","5815","-"
"22/05/2024 21:56","AA000928","-","5803","-"
"22/05/2024 20:08","SEC000927","-","5791","-"
"22/05/2024 20:06","SEC000926","-","5779","-"
"22/05/2024 20:05","SEC000925","-","5767","-"
"22/05/2024 20:03","SEC000924","-","5755","-"
"22/05/2024 20:02","SEC000923","-","5743","-"
"22/05/2024 20:00","SEC000922","-","5731","-"
"22/05/2024 19:56","SEC000921","-","5719","-"
"22/05/2024 19:55","SEC000920","-","5707","-"
"22/05/2024 19:50","SEC000919","-","5695","-"
"22/05/2024 19:41","SEC000918","-","5683","-"
"22/05/2024 19:38","SEC000917","-","5671","-"
"22/05/2024 19:36","SEC000916","-","5659","-"
"22/05/2024 19:34","SEC000915","-","5647","-"
"22/05/2024 19:31","SEC000914","-","5635","-"
"22/05/2024 19:29","SEC000913","-","5623","-"
"22/05/2024 19:27","SEC000912","-","5611","-"
"22/05/2024 19:25","SEC000911","-","5599","-"
"22/05/2024 19:24","SEC000910","-","5587","-"
"22/05/2024 19:22","AA000909","-","5575","-"
"22/05/2024 19:22","AA000908","-","5563","-"
"22/05/2024 19:14","SEC000907","-","5551","-"
"22/05/2024 16:41","SEC000906","-","5539","-"
"22/05/2024 15:53","SEC000905","-","5527","-"
"22/05/2024 15:51","SEC000904","-","5515","-"
"22/05/2024 15:50","SEC000903","-","5503","-"
"22/05/2024 15:40","SEC000902","-","5491","-"
"22/05/2024 15:30","SEC000901","-","5479","-"
"22/05/2024 15:28","SEC000900","-","5467","-"
"22/05/2024 15:26","SEC000899","-","5455","-"
"22/05/2024 15:23","SEC000898","-","5443","-"
"22/05/2024 15:22","SEC000897","-","5431","-"
"22/05/2024 15:21","SEC000896","-","5419","-"
"22/05/2024 15:19","SEC000895","-","5407","-"
"22/05/2024 15:18","SEC000894","-","5395","-"
"22/05/2024 15:16","AA000893","-","5383","-"
"22/05/2024 15:16","AA000892","-","5371","-"
"22/05/2024 15:00","SEC000891","-","5359","-"
"22/05/2024 14:50","SEC000890","-","5347","-"
"22/05/2024 14:40","SEC000889","-","5335","-"
"22/05/2024 14:38","SEC000888","-","5323","-"
"22/05/2024 14:36","SEC000887","-","5311","-"
"22/05/2024 14:35","SEC000886","-","5299","-"
"22/05/2024 14:33","SEC000885","-","5287","-"
"22/05/2024 14:31","SEC000884","-","5275","-"
"22/05/2024 14:30","SEC000883","-","5263","-"
"22/05/2024 14:28","SEC000882","-","5251","-"
"22/05/2024 14:27","SEC000881","-","5239","-"
"22/05/2024 14:25","AA000880","-","5227","-"
"22/05/2024 14:25","AA000879","-","5215","-"
"22/05/2024 14:17","SEC000878","-","5203","-"
"22/05/2024 14:16","SEC000877","-","5191","-"
"22/05/2024 14:12","SEC000876","-","5179","-"
"22/05/2024 13:55","SEC000875","-","5167","-"
"22/05/2024 13:52","SEC000874","-","5155","-"
"22/05/2024 13:51","SEC000873","-","5143","-"
"22/05/2024 13:49","SEC000872","-","5131","-"
"22/05/2024 13:47","SEC000871","NEW INCIDENT: SEC000871 - Security & Crime - Violence - Verbal Abuse","5119","Email"
"22/05/2024 13:37","SEC000870","-","5107","-"
"22/05/2024 13:27","SEC000869","-","5095","-"
"22/05/2024 13:25","SEC000868","-","5083","-"
"22/05/2024 13:23","SEC000867","-","5071","-"
"22/05/2024 13:22","SEC000866","-","5059","-"
"22/05/2024 13:19","SEC000865","-","5047","-"
"22/05/2024 13:17","SEC000864","-","5035","-"
"22/05/2024 13:15","SEC000863","-","5023","-"
"22/05/2024 13:14","SEC000862","-","5011","-"
"22/05/2024 13:13","SEC000861","-","4999","-"
"22/05/2024 13:11","AA000860","-","4987","-"
"22/05/2024 13:10","AA000859","-","4975","-"
"18/07/2024 13:03","-","-","4963","-"
"18/07/2024 13:03","-","-","4951","-"
"18/07/2024 13:03","-","-","4939","-"
"18/07/2024 13:03","-","-","4927","-"
"18/07/2024 13:03","-","-","4915","-"
"18/07/2024 13:03","-","-","4903","-"
"18/07/2024 13:03","-","-","4891","-"
"18/07/2024 13:03","-","-","4879","-"
"18/07/2024 13:03","-","-","4867","-"
"18/07/2024 13:03","-","-","4855","-"
"18/07/2024 13:03","-","-","4843","-"
"18/07/2024 13:03","-","-","4831","-"
"18/07/2024 13:03","-","-","4819","-"
"18/07/2024 13:03","-","-","4807","-"
"18/07/2024 13:03","-","-","4795","-"
"18/07/2024 13:03","-","-","4783","-"
"18/07/2024 13:03","-","-","4771","-"
"18/07/2024 13:03","-","-","4759","-"
"18/07/2024 13:03","-","-","4747","-"
"18/07/2024 13:03","-","-","4735","-"
"18/07/2024 13:03","-","-","4723","-"
"18/07/2024 13:03","-","-","4714","-"
"18/07/2024 13:03","-","-","4705","-"
"18/07/2024 13:03","-","-","4696","-"
"18/07/2024 13:03","-","-","4687","-"
"18/07/2024 13:03","-","-","4678","-"
"18/07/2024 13:03","-","-","4669","-"
"18/07/2024 13:03","-","-","4660","-"
"18/07/2024 13:03","-","-","4651","-"
"18/07/2024 13:03","-","-","4642","-"
"18/07/2024 13:03","-","-","4633","-"
"18/07/2024 13:03","-","-","4624","-"
"18/07/2024 13:03","-","-","4615","-"
"18/07/2024 13:03","-","-","4606","-"
"18/07/2024 13:03","-","-","4597","-"
"18/07/2024 13:03","-","-","4588","-"
"18/07/2024 13:03","-","-","4579","-"
"18/07/2024 13:03","-","-","4570","-"
"18/07/2024 13:03","-","-","4561","-"
"18/07/2024 13:03","-","-","4552","-"
"18/07/2024 13:03","-","-","4543","-"
"18/07/2024 13:03","-","-","4534","-"
"18/07/2024 13:03","-","-","4525","-"
"18/07/2024 13:03","-","-","4516","-"
"18/07/2024 13:03","-","-","4507","-"
"18/07/2024 13:03","-","-","4498","-"
"18/07/2024 13:03","-","-","4489","-"
"18/07/2024 13:03","-","-","4480","-"
"18/07/2024 13:03","-","-","4471","-"
"18/07/2024 13:03","-","-","4462","-"
"18/07/2024 13:03","-","-","4453","-"
"18/07/2024 13:03","-","-","4444","-"
"18/07/2024 13:03","-","-","4435","-"
"18/07/2024 13:03","-","-","4426","-"
"18/07/2024 13:03","-","-","4417","-"
"18/07/2024 13:03","-","-","4408","-"
"18/07/2024 13:03","-","-","4399","-"
"18/07/2024 13:03","-","-","4390","-"
"18/07/2024 13:03","-","-","4381","-"
"18/07/2024 13:03","-","-","4372","-"
"18/07/2024 13:03","-","-","4363","-"
"18/07/2024 13:03","-","-","4354","-"
"18/07/2024 13:03","-","-","4345","-"
"18/07/2024 13:03","-","-","4336","-"
"18/07/2024 13:03","-","-","4327","-"
"18/07/2024 13:03","-","-","4318","-"
"18/07/2024 13:03","-","-","4309","-"
"18/07/2024 13:03","-","-","4300","-"
"18/07/2024 13:03","-","-","4291","-"
"18/07/2024 13:03","-","-","4282","-"
"18/07/2024 13:03","-","-","4273","-"
"18/07/2024 13:03","-","-","4264","-"
"18/07/2024 13:03","-","-","4255","-"
"18/07/2024 13:03","-","-","4246","-"
"18/07/2024 13:03","-","-","4237","-"
"18/07/2024 13:03","-","-","4228","-"
"18/07/2024 13:03","-","-","4219","-"
"18/07/2024 13:03","-","-","4210","-"
"18/07/2024 13:03","-","-","4201","-"
"18/07/2024 13:03","-","-","4192","-"
"18/07/2024 13:03","-","-","4183","-"
"18/07/2024 13:03","-","-","4174","-"
"18/07/2024 13:03","-","-","4165","-"
"18/07/2024 13:03","-","-","4156","-"
"18/07/2024 13:03","-","-","4147","-"
"18/07/2024 13:03","-","-","4138","-"
"13/05/2024 15:55","SEC000772","-","4129","-"
"18/07/2024 13:03","-","-","4120","-"
"18/07/2024 13:03","-","-","4111","-"
"18/07/2024 13:03","-","-","4102","-"
"18/07/2024 13:03","-","-","4093","-"
"18/07/2024 13:03","-","-","4084","-"
"18/07/2024 13:03","-","-","4075","-"
"18/07/2024 13:03","-","-","4066","-"
"18/07/2024 13:03","-","-","4057","-"
"18/07/2024 13:03","-","-","4048","-"
"18/07/2024 13:03","-","-","4039","-"
"18/07/2024 13:03","-","-","4030","-"
"18/07/2024 13:03","-","-","4021","-"
"18/07/2024 13:03","-","-","4012","-"
"07/05/2024 17:11","SEC000758","NEW INCIDENT: SEC000758 - Security & Crime - Violence - Verbal Abuse","4003","Email"
"07/05/2024 17:10","SEC000757","NEW INCIDENT: SEC000757 - Security & Crime - Violence - Verbal Abuse","3994","Email"
"07/05/2024 17:09","SEC000756","NEW INCIDENT: SEC000756 - Security & Crime - Violence - Verbal Abuse","3985","Email"
"07/05/2024 17:08","SEC000755","NEW INCIDENT: SEC000755 - Security & Crime - Violence - Verbal Abuse","3976","Email"
"07/05/2024 17:06","AA000754","NEW INCIDENT: AA000754 - Alarm Activations - Activated Alarms - Alarm Not Set","3967","Email"
"07/05/2024 17:06","AA000753","NEW INCIDENT: AA000753 - Alarm Activations - Activated Alarms - Alarm Not Set","3958","Email"
"07/05/2024 13:30","SEC000752","NEW INCIDENT: SEC000752 - Security & Crime - Violence - Verbal Abuse","3949","Email"
"07/05/2024 13:21","SEC000751","NEW INCIDENT: SEC000751 - Security & Crime - Violence - Verbal Abuse","3940","Email"
"07/05/2024 13:19","SEC000750","-","3931","-"
"07/05/2024 13:18","SEC000749","-","3922","-"
"07/05/2024 13:16","SEC000748","-","3913","-"
"07/05/2024 13:14","SEC000747","-","3904","-"
"07/05/2024 13:13","SEC000746","-","3895","-"
"07/05/2024 13:12","SEC000745","-","3886","-"
"07/05/2024 13:10","SEC000744","-","3877","-"
"07/05/2024 13:09","SEC000743","-","3868","-"
"07/05/2024 13:08","AA000742","-","3859","-"
"07/05/2024 13:07","AA000741","-","3850","-"
"06/05/2024 15:17","SEC000740","-","3841","-"
"06/05/2024 15:08","SEC000739","-","3832","-"
"06/05/2024 15:06","SEC000738","-","3823","-"
"06/05/2024 15:04","SEC000737","-","3814","-"
"06/05/2024 15:03","SEC000736","-","3805","-"
"06/05/2024 15:01","SEC000735","-","3796","-"
"06/05/2024 15:00","SEC000734","-","3787","-"
"06/05/2024 14:58","SEC000733","-","3778","-"
"06/05/2024 14:57","SEC000732","-","3769","-"
"06/05/2024 14:56","SEC000731","-","3760","-"
"06/05/2024 14:54","AA000730","-","3751","-"
"06/05/2024 14:53","AA000729","-","3742","-"
"02/05/2024 12:03","AIA000728","-","3733","-"
"30/04/2024 11:16","SEC000727","-","3724","-"
"30/04/2024 11:06","SEC000726","-","3715","-"
"30/04/2024 11:04","SEC000725","-","3706","-"
"30/04/2024 11:02","SEC000724","-","3697","-"
"30/04/2024 11:01","SEC000723","-","3688","-"
"30/04/2024 10:59","SEC000722","-","3679","-"
"30/04/2024 10:58","SEC000721","-","3670","-"
"30/04/2024 10:56","SEC000720","-","3661","-"
"30/04/2024 10:55","SEC000719","-","3652","-"
"30/04/2024 10:54","SEC000718","-","3643","-"
"30/04/2024 10:52","AA000717","-","3634","-"
"30/04/2024 10:52","AA000716","-","3625","-"
"29/04/2024 20:53","SEC000715","-","3616","-"
"29/04/2024 20:44","SEC000714","-","3607","-"
"29/04/2024 20:42","SEC000713","-","3598","-"
"29/04/2024 20:41","SEC000712","-","3589","-"
"29/04/2024 20:39","SEC000711","-","3580","-"
"29/04/2024 20:37","SEC000710","-","3571","-"
"29/04/2024 20:36","SEC000709","-","3562","-"
"29/04/2024 20:35","SEC000708","-","3553","-"
"29/04/2024 20:34","SEC000707","-","3544","-"
"29/04/2024 20:33","SEC000706","-","3535","-"
"29/04/2024 20:31","AA000705","-","3526","-"
"29/04/2024 20:31","AA000704","-","3517","-"
"26/04/2024 13:00","SEC000703","-","3508","-"
"26/04/2024 12:51","SEC000702","-","3499","-"
"26/04/2024 12:50","SEC000701","-","3490","-"
"26/04/2024 12:48","SEC000700","-","3481","-"
"26/04/2024 12:47","SEC000699","-","3472","-"
"26/04/2024 12:45","SEC000698","-","3463","-"
"26/04/2024 12:44","SEC000697","-","3454","-"
"26/04/2024 12:43","SEC000696","-","3445","-"
"26/04/2024 12:42","SEC000695","-","3436","-"
"26/04/2024 12:41","SEC000694","-","3427","-"
"26/04/2024 12:40","AA000693","-","3418","-"
"26/04/2024 12:39","AA000692","-","3409","-"
"25/04/2024 16:48","SEC000691","-","3400","-"
"25/04/2024 16:39","SEC000690","-","3391","-"
"25/04/2024 16:38","SEC000689","-","3382","-"
"25/04/2024 16:36","SEC000688","-","3373","-"
"25/04/2024 16:35","SEC000687","-","3364","-"
"25/04/2024 16:33","SEC000686","-","3355","-"
"25/04/2024 16:32","SEC000685","-","3346","-"
"25/04/2024 16:31","SEC000684","-","3337","-"
"25/04/2024 16:30","SEC000683","-","3328","-"
"25/04/2024 16:29","SEC000682","-","3319","-"
"25/04/2024 16:28","AA000681","-","3310","-"
"25/04/2024 16:27","AA000680","-","3301","-"
"25/04/2024 14:39","SEC000679","-","3292","-"
"25/04/2024 14:30","SEC000678","-","3283","-"
"25/04/2024 14:29","SEC000677","-","3274","-"
"25/04/2024 14:27","SEC000676","-","3265","-"
"25/04/2024 14:26","SEC000675","-","3256","-"
"25/04/2024 14:24","SEC000674","-","3247","-"
"25/04/2024 14:23","SEC000673","-","3238","-"
"25/04/2024 14:22","SEC000672","-","3229","-"
"25/04/2024 14:21","SEC000671","-","3220","-"
"25/04/2024 14:20","SEC000670","-","3211","-"
"25/04/2024 14:19","AA000669","-","3202","-"
"25/04/2024 14:18","AA000668","-","3193","-"
"25/04/2024 14:13","SEC000667","-","3184","-"
"25/04/2024 14:12","SEC000666","-","3175","-"
"25/04/2024 14:02","SEC000665","-","3166","-"
"25/04/2024 13:53","SEC000664","-","3157","-"
"25/04/2024 13:52","SEC000663","-","3148","-"
"25/04/2024 13:50","SEC000662","-","3139","-"
"25/04/2024 13:49","SEC000661","-","3130","-"
"25/04/2024 13:47","SEC000660","-","3121","-"
"25/04/2024 13:46","SEC000659","-","3112","-"
"25/04/2024 13:44","SEC000658","NEW INCIDENT: SEC000658 - Security & Crime - Violence - Verbal Abuse","3103","Email"
"25/04/2024 13:43","SEC000657","NEW INCIDENT: SEC000657 - Security & Crime - Violence - Verbal Abuse","3094","Email"
"25/04/2024 13:42","AA000656","NEW INCIDENT: AA000656 - Alarm Activations - Activated Alarms - Alarm Not Set","3085","Email"
"25/04/2024 13:41","AA000655","NEW INCIDENT: AA000655 - Alarm Activations - Activated Alarms - Alarm Not Set","3076","Email"
"12/04/2024 10:30","SEC000654","NEW INCIDENT: SEC000654 - Security & Crime - Violence - Verbal Abuse","3067","Email"
"12/04/2024 10:28","SEC000653","NEW INCIDENT: SEC000653 - Security & Crime - Violence - Verbal Abuse","3058","Email"
"12/04/2024 10:27","SEC000652","NEW INCIDENT: SEC000652 - Security & Crime - Violence - Verbal Abuse","3049","Email"
"12/04/2024 10:26","SEC000651","NEW INCIDENT: SEC000651 - Security & Crime - Violence - Verbal Abuse","3040","Email"
"12/04/2024 10:24","SEC000650","NEW INCIDENT: SEC000650 - Security & Crime - Violence - Verbal Abuse","3031","Email"
"12/04/2024 10:24","SEC000649","NEW INCIDENT: SEC000649 - Security & Crime - Violence - Verbal Abuse","3022","Email"
"12/04/2024 10:23","SEC000648","NEW INCIDENT: SEC000648 - Security & Crime - Violence - Verbal Abuse","3013","Email"
"12/04/2024 10:21","SEC000647","NEW INCIDENT: SEC000647 - Security & Crime - Violence - Verbal Abuse","3004","Email"
"12/04/2024 10:21","SEC000646","-","2995","-"
"12/04/2024 10:20","AA000645","-","2986","-"
"12/04/2024 10:19","AA000644","-","2977","-"
"09/04/2024 19:41","SEC000643","-","2968","-"
"04/04/2024 13:30","SEC000642","-","2959","-"
"04/04/2024 13:17","SEC000641","-","2950","-"
"04/04/2024 13:16","SEC000640","-","2941","-"
"04/04/2024 13:15","SEC000639","-","2932","-"
"04/04/2024 13:14","SEC000638","-","2923","-"
"04/04/2024 13:12","SEC000637","-","2914","-"
"04/04/2024 13:03","SEC000636","-","2905","-"
"04/04/2024 13:02","SEC000635","-","2896","-"
"04/04/2024 13:01","SEC000634","-","2887","-"
"04/04/2024 13:00","SEC000633","-","2878","-"
"04/04/2024 12:58","SEC000632","-","2869","-"
"04/04/2024 12:57","SEC000631","-","2860","-"
"04/04/2024 12:56","SEC000630","-","2851","-"
"04/04/2024 12:55","SEC000629","-","2842","-"
"04/04/2024 12:54","SEC000628","-","2833","-"
"04/04/2024 12:54","AA000627","-","2824","-"
"04/04/2024 12:53","AA000626","-","2815","-"
"01/04/2024 19:08","SEC000625","-","2806","-"
"01/04/2024 19:07","SEC000624","-","2797","-"
"01/04/2024 19:05","SEC000623","-","2788","-"
"01/04/2024 19:04","SEC000622","-","2779","-"
"01/04/2024 19:03","SEC000621","-","2770","-"
"01/04/2024 19:02","SEC000620","-","2761","-"
"01/04/2024 19:01","SEC000619","-","2752","-"
"01/04/2024 18:59","SEC000618","-","2743","-"
"01/04/2024 18:59","SEC000617","-","2734","-"
"01/04/2024 18:58","AA000616","-","2725","-"
"01/04/2024 18:57","AA000615","-","2716","-"
"01/04/2024 18:23","SEC000614","-","2707","-"
"01/04/2024 18:22","SEC000613","-","2698","-"
"01/04/2024 18:21","SEC000612","-","2689","-"
"01/04/2024 18:20","SEC000611","-","2680","-"
"01/04/2024 18:18","SEC000610","-","2671","-"
"01/04/2024 18:17","SEC000609","-","2662","-"
"01/04/2024 18:16","SEC000608","-","2653","-"
"01/04/2024 18:15","SEC000607","-","2644","-"
"01/04/2024 18:14","SEC000606","-","2635","-"
"01/04/2024 18:13","AA000605","-","2626","-"
"01/04/2024 18:13","AA000604","-","2617","-"
"28/03/2024 12:42","EVA000603","-","2608","-"
"28/03/2024 11:55","SEC000602","-","2599","-"
"28/03/2024 11:45","SEC000601","-","2590","-"
"28/03/2024 11:44","SEC000600","-","2581","-"
"28/03/2024 11:43","SEC000599","-","2572","-"
"28/03/2024 11:42","SEC000598","-","2563","-"
"28/03/2024 11:40","SEC000597","-","2554","-"
"28/03/2024 11:39","SEC000596","-","2545","-"
"28/03/2024 11:38","SEC000595","-","2536","-"
"28/03/2024 11:37","SEC000594","-","2527","-"
"28/03/2024 11:36","SEC000593","-","2518","-"
"28/03/2024 11:35","AA000592","-","2509","-"
"28/03/2024 11:35","AA000591","-","2500","-"
"28/03/2024 11:03","SEC000590","-","2491","-"
"28/03/2024 11:02","SEC000589","-","2482","-"
"28/03/2024 11:00","SEC000588","-","2473","-"
"28/03/2024 10:59","SEC000587","-","2464","-"
"28/03/2024 10:58","SEC000586","-","2455","-"
"28/03/2024 10:57","SEC000585","-","2446","-"
"28/03/2024 10:56","SEC000584","-","2437","-"
"28/03/2024 10:54","SEC000583","NEW INCIDENT: SEC000583 - Security & Crime - Violence - Verbal Abuse","2428","Email"
"28/03/2024 10:54","SEC000582","-","2419","-"
"28/03/2024 10:53","AA000581","-","2410","-"
"28/03/2024 10:52","AA000580","-","2401","-"
"22/03/2024 18:21","SEC000579","-","2392","-"
"22/03/2024 18:20","SEC000578","-","2383","-"
"22/03/2024 18:19","SEC000577","-","2374","-"
"22/03/2024 18:17","SEC000576","-","2365","-"
"22/03/2024 18:16","SEC000575","-","2356","-"
"22/03/2024 18:15","SEC000574","NEW INCIDENT: SEC000574 - Security & Crime - Violence - Verbal Abuse","2347","Email"
"22/03/2024 18:14","SEC000573","-","2338","-"
"22/03/2024 18:12","SEC000572","-","2329","-"
"22/03/2024 18:12","SEC000571","-","2320","-"
"22/03/2024 18:11","AA000570","-","2311","-"
"22/03/2024 18:10","AA000569","-","2302","-"
"20/03/2024 17:58","SEC000568","-","2297","-"
"20/03/2024 17:56","SEC000567","-","2292","-"
"20/03/2024 17:55","SEC000566","-","2287","-"
"20/03/2024 17:54","SEC000565","-","2282","-"
"20/03/2024 17:52","SEC000564","-","2277","-"
"20/03/2024 17:51","SEC000563","-","2272","-"
"20/03/2024 17:50","SEC000562","-","2267","-"
"20/03/2024 17:48","SEC000561","-","2262","-"
"20/03/2024 17:48","SEC000560","-","2257","-"
"20/03/2024 17:47","AA000559","-","2252","-"
"20/03/2024 17:46","AA000558","NEW INCIDENT: AA000558 - Alarm Activations - Activated Alarms - Alarm Not Set","2247","Email"
"20/03/2024 17:26","SEC000557","NEW INCIDENT: SEC000557 - Security & Crime - Violence - Verbal Abuse","2242","Email"
"20/03/2024 17:24","SEC000556","-","2237","-"
"20/03/2024 17:23","SEC000555","-","2232","-"
"20/03/2024 17:22","SEC000554","-","2227","-"
"20/03/2024 17:20","SEC000553","-","2222","-"
"20/03/2024 17:19","SEC000552","-","2217","-"
"20/03/2024 17:18","SEC000551","-","2212","-"
"20/03/2024 17:17","SEC000550","-","2207","-"
"20/03/2024 17:16","SEC000549","-","2202","-"
"20/03/2024 17:15","AA000548","-","2197","-"
"20/03/2024 17:14","AA000547","-","2192","-"
"20/03/2024 15:41","SEC000546","-","2187","-"
"20/03/2024 15:32","SEC000545","-","2182","-"
"20/03/2024 15:31","SEC000544","-","2177","-"
"20/03/2024 15:29","SEC000543","-","2172","-"
"20/03/2024 15:28","SEC000542","-","2167","-"
"20/03/2024 15:27","SEC000541","-","2162","-"
"20/03/2024 15:26","SEC000540","-","2157","-"
"20/03/2024 15:25","SEC000539","-","2152","-"
"20/03/2024 15:23","SEC000538","-","2147","-"
"20/03/2024 15:23","SEC000537","-","2142","-"
"20/03/2024 15:22","AA000536","-","2137","-"
"20/03/2024 15:21","AA000535","-","2132","-"
"15/03/2024 09:41","SEC000534","-","2128","-"
"15/03/2024 09:40","SEC000533","-","2124","-"
"15/03/2024 09:38","SEC000532","-","2120","-"
"15/03/2024 09:37","SEC000531","-","2116","-"
"15/03/2024 09:36","SEC000530","-","2112","-"
"15/03/2024 09:35","SEC000529","-","2108","-"
"15/03/2024 09:34","SEC000528","-","2104","-"
"15/03/2024 09:32","SEC000527","-","2100","-"
"15/03/2024 09:32","SEC000526","-","2096","-"
"15/03/2024 09:31","AA000525","-","2092","-"
"15/03/2024 09:30","AA000524","-","2088","-"
"14/03/2024 15:23","SEC000523","-","2084","-"
"13/03/2024 09:21","SEC000522","-","2080","-"
"13/03/2024 09:20","SEC000521","-","2076","-"
"13/03/2024 09:18","SEC000520","-","2072","-"
"13/03/2024 09:17","SEC000519","-","2068","-"
"13/03/2024 09:15","SEC000518","-","2064","-"
"13/03/2024 09:14","SEC000517","-","2060","-"
"13/03/2024 09:13","SEC000516","-","2056","-"
"13/03/2024 09:12","SEC000515","-","2052","-"
"13/03/2024 09:12","SEC000514","-","2048","-"
"13/03/2024 09:11","AA000513","-","2044","-"
"13/03/2024 09:10","AA000512","-","2040","-"
"08/03/2024 19:17","SEC000511","-","2036","-"
"08/03/2024 19:15","SEC000510","-","2032","-"
"08/03/2024 19:14","SEC000509","-","2028","-"
"08/03/2024 19:13","SEC000508","-","2024","-"
"08/03/2024 19:11","SEC000507","-","2020","-"
"08/03/2024 19:10","SEC000506","-","2016","-"
"08/03/2024 19:09","SEC000505","-","2012","-"
"08/03/2024 19:08","SEC000504","-","2008","-"
"08/03/2024 19:07","SEC000503","-","2004","-"
"08/03/2024 19:07","AA000502","-","2000","-"
"08/03/2024 19:06","AA000501","-","1996","-"
"08/03/2024 18:59","SEC000500","-","1992","-"
"08/03/2024 17:55","SEC000499","-","1988","-"
"08/03/2024 17:54","SEC000498","-","1984","-"
"08/03/2024 17:52","SEC000497","-","1980","-"
"08/03/2024 17:43","SEC000496","-","1976","-"
"08/03/2024 17:42","SEC000495","-","1972","-"
"08/03/2024 17:40","SEC000494","-","1968","-"
"08/03/2024 17:38","SEC000493","-","1964","-"
"08/03/2024 17:36","SEC000492","-","1960","-"
"08/03/2024 17:35","SEC000491","-","1956","-"
"08/03/2024 17:34","SEC000490","-","1952","-"
"08/03/2024 17:33","SEC000489","-","1948","-"
"08/03/2024 17:33","SEC000488","-","1944","-"
"08/03/2024 17:32","AA000487","-","1940","-"
"08/03/2024 17:31","AA000486","-","1936","-"
"07/03/2024 11:00","SEC000485","-","1932","-"
"07/03/2024 10:59","SEC000484","-","1928","-"
"07/03/2024 10:57","SEC000483","-","1924","-"
"07/03/2024 10:56","SEC000482","-","1920","-"
"07/03/2024 10:55","SEC000481","-","1916","-"
"07/03/2024 10:54","SEC000480","-","1912","-"
"07/03/2024 10:53","SEC000479","-","1908","-"
"07/03/2024 10:51","SEC000478","-","1904","-"
"07/03/2024 10:51","SEC000477","-","1900","-"
"07/03/2024 10:50","AA000476","-","1896","-"
"07/03/2024 10:49","AA000475","-","1892","-"
"01/03/2024 10:25","SEC000474","-","1888","-"
"01/03/2024 10:17","SEC000473","-","1884","-"
"01/03/2024 10:15","SEC000472","-","1880","-"
"01/03/2024 10:14","SEC000471","-","1876","-"
"01/03/2024 10:13","SEC000470","-","1872","-"
"01/03/2024 10:11","SEC000469","-","1868","-"
"01/03/2024 10:10","SEC000468","-","1864","-"
"01/03/2024 10:09","SEC000467","-","1860","-"
"01/03/2024 10:08","SEC000466","-","1856","-"
"01/03/2024 10:07","SEC000465","-","1852","-"
"01/03/2024 10:06","AA000464","-","1848","-"
"01/03/2024 10:06","AA000463","-","1844","-"
"23/02/2024 10:36","SEC000462","-","1840","-"
"23/02/2024 10:35","SEC000461","-","1836","-"
"23/02/2024 10:34","SEC000460","-","1832","-"
"23/02/2024 10:33","SEC000459","-","1828","-"
"23/02/2024 10:31","SEC000458","NEW INCIDENT: SEC000458 - Security & Crime - Violence - Verbal Abuse","1824","Email"
"23/02/2024 10:30","SEC000457","NEW INCIDENT: SEC000457 - Security & Crime - Violence - Verbal Abuse","1820","Email"
"23/02/2024 10:29","SEC000456","NEW INCIDENT: SEC000456 - Security & Crime - Violence - Verbal Abuse","1816","Email"
"23/02/2024 10:28","SEC000455","NEW INCIDENT: SEC000455 - Security & Crime - Violence - Verbal Abuse","1812","Email"
"23/02/2024 10:28","SEC000454","NEW INCIDENT: SEC000454 - Security & Crime - Violence - Verbal Abuse","1808","Email"
"23/02/2024 10:27","AA000453","-","1804","-"
"23/02/2024 10:26","AA000452","-","1800","-"
"19/02/2024 11:35","SEC000451","-","1796","-"
"19/02/2024 11:34","SEC000450","-","1792","-"
"19/02/2024 11:33","SEC000449","-","1788","-"
"19/02/2024 11:32","SEC000448","-","1784","-"
"19/02/2024 11:30","SEC000447","-","1780","-"
"19/02/2024 11:29","SEC000446","-","1776","-"
"19/02/2024 11:28","SEC000445","-","1772","-"
"19/02/2024 11:27","SEC000444","-","1768","-"
"19/02/2024 11:27","SEC000443","-","1764","-"
"19/02/2024 11:26","AA000442","-","1760","-"
"19/02/2024 11:25","AA000441","-","1756","-"
"16/02/2024 16:38","SEC000440","-","1752","-"
"16/02/2024 16:37","SEC000439","-","1748","-"
"16/02/2024 16:36","SEC000438","-","1744","-"
"16/02/2024 16:35","SEC000437","-","1740","-"
"16/02/2024 16:33","SEC000436","-","1736","-"
"16/02/2024 16:32","SEC000435","-","1732","-"
"16/02/2024 16:31","SEC000434","-","1728","-"
"16/02/2024 16:30","SEC000433","-","1724","-"
"16/02/2024 16:30","SEC000432","-","1720","-"
"16/02/2024 16:29","AA000431","-","1716","-"
"16/02/2024 16:28","AA000430","-","1712","-"
"16/02/2024 11:06","SEC000429","-","1708","-"
"16/02/2024 11:05","SEC000428","-","1704","-"
"16/02/2024 11:04","SEC000427","-","1700","-"
"16/02/2024 11:03","SEC000426","-","1696","-"
"16/02/2024 11:01","SEC000425","-","1692","-"
"16/02/2024 11:00","SEC000424","-","1688","-"
"16/02/2024 10:59","SEC000423","-","1684","-"
"16/02/2024 10:58","SEC000422","-","1680","-"
"16/02/2024 10:58","SEC000421","-","1676","-"
"16/02/2024 10:57","AA000420","-","1672","-"
"16/02/2024 10:56","AA000419","-","1668","-"
"15/02/2024 14:08","AIA000418","-","1664","-"
"09/02/2024 16:04","SEC000417","-","1660","-"
"06/02/2024 20:41","SEC000416","-","1656","-"
"06/02/2024 20:39","SEC000415","-","1652","-"
"06/02/2024 20:37","SEC000414","-","1648","-"
"06/02/2024 20:35","SEC000413","-","1644","-"
"06/02/2024 20:33","SEC000412","-","1640","-"
"06/02/2024 20:32","SEC000411","-","1636","-"
"06/02/2024 20:31","SEC000410","-","1632","-"
"06/02/2024 20:30","SEC000409","-","1628","-"
"06/02/2024 20:29","SEC000408","-","1624","-"
"06/02/2024 20:28","AA000407","-","1620","-"
"06/02/2024 20:28","AA000406","-","1616","-"
"06/02/2024 20:15","SEC000405","-","1612","-"
"06/02/2024 20:08","SEC000404","-","1608","-"
"06/02/2024 16:22","SEC000403","-","1604","-"
"06/02/2024 16:19","SEC000402","-","1600","-"
"06/02/2024 11:17","SEC000401","-","1596","-"
"06/02/2024 10:35","SEC000400","-","1592","-"
"06/02/2024 10:27","SEC000399","-","1588","-"
"02/02/2024 16:09","SEC000398","-","1584","-"
"02/02/2024 12:57","SEC000397","-","1580","-"
"02/02/2024 12:55","SEC000396","-","1576","-"
"02/02/2024 12:53","SEC000395","-","1572","-"
"02/02/2024 12:47","SEC000394","-","1568","-"
"02/02/2024 12:45","SEC000393","-","1564","-"
"02/02/2024 12:43","SEC000392","-","1560","-"
"02/02/2024 12:42","SEC000391","-","1556","-"
"02/02/2024 12:36","SEC000390","-","1552","-"
"02/02/2024 12:34","SEC000389","-","1548","-"
"02/02/2024 12:32","SEC000388","-","1544","-"
"02/02/2024 12:30","SEC000387","-","1540","-"
"02/02/2024 12:19","SEC000386","-","1536","-"
"02/02/2024 12:17","SEC000385","-","1532","-"
"02/02/2024 12:16","SEC000384","-","1528","-"
"02/02/2024 12:15","SEC000383","-","1524","-"
"02/02/2024 12:05","SEC000382","-","1520","-"
"02/02/2024 11:37","SEC000381","-","1516","-"
"02/02/2024 11:34","SEC000380","-","1512","-"
"02/02/2024 11:32","SEC000379","-","1508","-"
"02/02/2024 11:31","SEC000378","-","1504","-"
"02/02/2024 11:29","SEC000377","-","1500","-"
"02/02/2024 11:29","SEC000376","-","1496","-"
"02/02/2024 11:28","SEC000375","-","1492","-"
"02/02/2024 11:26","SEC000374","-","1488","-"
"02/02/2024 11:26","SEC000373","-","1484","-"
"02/02/2024 11:24","AA000372","-","1480","-"
"02/02/2024 11:24","AA000371","-","1476","-"
"02/02/2024 11:15","SEC000370","-","1472","-"
"02/02/2024 11:12","SEC000369","-","1468","-"
"02/02/2024 11:10","SEC000368","-","1464","-"
"02/02/2024 11:09","SEC000367","-","1460","-"
"02/02/2024 10:49","SEC000365","-","1452","-"
"02/02/2024 10:48","SEC000364","-","1448","-"
"02/02/2024 10:47","SEC000363","-","1444","-"
"02/02/2024 10:40","SEC000362","-","1440","-"
"02/02/2024 10:38","SEC000361","-","1436","-"
"02/02/2024 10:36","SEC000360","-","1432","-"
"02/02/2024 10:16","SEC000359","-","1428","-"
"02/02/2024 10:13","SEC000358","-","1424","-"
"02/02/2024 10:11","SEC000357","-","1420","-"
"02/02/2024 10:07","SEC000356","-","1416","-"
"02/02/2024 10:04","SEC000355","-","1412","-"
"02/02/2024 10:02","SEC000354","-","1408","-"
"02/02/2024 09:57","SEC000353","-","1404","-"
"02/02/2024 09:54","SEC000352","-","1400","-"
"02/02/2024 09:52","SEC000351","-","1396","-"
"02/02/2024 09:47","SEC000350","-","1392","-"
"02/02/2024 09:45","SEC000349","-","1388","-"
"02/02/2024 09:32","SEC000348","-","1384","-"
"02/02/2024 09:31","SEC000347","-","1380","-"
"18/07/2024 13:03","-","-","1376","-"
"18/07/2024 13:03","-","-","1372","-"
"18/07/2024 13:03","-","-","1368","-"
"18/07/2024 13:03","-","-","1364","-"
"18/07/2024 13:03","-","-","1360","-"
"18/07/2024 13:03","-","-","1356","-"
"18/07/2024 13:03","-","-","1352","-"
"18/07/2024 13:03","-","-","1348","-"
"18/07/2024 13:03","-","-","1344","-"
"18/07/2024 13:03","-","-","1340","-"
"18/07/2024 13:03","-","-","1336","-"
"18/07/2024 13:03","-","-","1332","-"
"18/07/2024 13:03","-","-","1328","-"
"18/07/2024 13:03","-","-","1324","-"
"18/07/2024 13:03","-","-","1320","-"
"18/07/2024 13:03","-","-","1316","-"
"18/07/2024 13:03","-","-","1312","-"
"18/07/2024 13:03","-","-","1308","-"
"18/07/2024 13:03","-","-","1304","-"
"18/07/2024 13:03","-","-","1300","-"
"18/07/2024 13:03","-","-","1296","-"
"18/07/2024 13:03","-","-","1292","-"
"18/07/2024 13:03","-","-","1288","-"
"18/07/2024 13:03","-","-","1284","-"
"18/07/2024 13:03","-","-","1280","-"
"18/07/2024 13:03","-","-","1276","-"
"18/07/2024 13:03","-","-","1272","-"
"18/07/2024 13:03","-","-","1268","-"
"18/07/2024 13:03","-","-","1264","-"
"18/07/2024 13:03","-","-","1260","-"
"18/07/2024 13:03","-","-","1256","-"
"18/07/2024 13:03","-","-","1252","-"
"18/07/2024 13:03","-","-","1248","-"
"18/07/2024 13:03","-","-","1244","-"
"18/07/2024 13:03","-","-","1240","-"
"18/07/2024 13:03","-","-","1236","-"
"18/07/2024 13:03","-","-","1232","-"
"18/07/2024 13:03","-","-","1228","-"
"18/07/2024 13:03","-","-","1224","-"
"18/07/2024 13:03","-","-","1220","-"
"18/07/2024 13:03","-","-","1216","-"
"18/07/2024 13:03","-","-","1212","-"
"18/07/2024 13:03","-","-","1208","-"
"18/07/2024 13:03","-","-","1204","-"
"18/07/2024 13:03","-","-","1200","-"
"18/07/2024 13:03","-","-","1196","-"
"18/07/2024 13:03","-","-","1192","-"
"18/07/2024 13:03","-","-","1188","-"
"18/07/2024 13:03","-","-","1184","-"
"18/07/2024 13:03","-","-","1180","-"
"18/07/2024 13:03","-","-","1176","-"
"18/07/2024 13:03","-","-","1172","-"
"18/07/2024 13:03","-","-","1168","-"
"18/07/2024 13:03","-","-","1164","-"
"18/07/2024 13:03","-","-","1160","-"
"18/07/2024 13:03","-","-","1156","-"
"18/07/2024 13:03","-","-","1152","-"
"18/07/2024 13:03","-","-","1148","-"
"18/07/2024 13:03","-","-","1144","-"
"18/07/2024 13:03","-","-","1140","-"
"18/07/2024 13:03","-","-","1136","-"
"18/07/2024 13:03","-","-","1132","-"
"18/07/2024 13:03","-","-","1128","-"
"18/07/2024 13:03","-","-","1124","-"
"18/07/2024 13:03","-","-","1120","-"
"18/07/2024 13:03","-","-","1116","-"
"18/07/2024 13:03","-","-","1112","-"
"18/07/2024 13:03","-","-","1108","-"
"18/07/2024 13:03","-","-","1104","-"
"18/07/2024 13:03","-","-","1100","-"
"18/07/2024 13:03","-","-","1096","-"
"18/07/2024 13:03","-","-","1092","-"
"18/07/2024 13:03","-","-","1088","-"
"18/07/2024 13:03","-","-","1084","-"
"18/07/2024 13:03","-","-","1080","-"
"18/07/2024 13:03","-","-","1076","-"
"18/07/2024 13:03","-","-","1072","-"
"18/07/2024 13:03","-","-","1068","-"
"18/07/2024 13:03","-","-","1064","-"
"18/07/2024 13:03","-","-","1060","-"
"18/07/2024 13:03","-","-","1056","-"
"18/07/2024 13:03","-","-","1052","-"
"18/07/2024 13:03","-","-","1048","-"
"18/07/2024 13:03","-","-","1044","-"
"18/07/2024 13:03","-","-","1040","-"
"18/07/2024 13:03","-","-","1036","-"
"18/07/2024 13:03","-","-","1032","-"
"18/07/2024 13:03","-","-","1028","-"
"18/07/2024 13:03","-","-","1024","-"
"19/01/2024 11:55","SEC000256","NEW INCIDENT: SEC000256 - Security & Crime - Violence - Verbal Abuse","1020","Email"
"19/01/2024 11:55","SEC000255","NEW INCIDENT: SEC000255 - Security & Crime - Violence - Verbal Abuse","1016","Email"
"19/01/2024 11:54","SEC000254","NEW INCIDENT: SEC000254 - Security & Crime - Violence - Verbal Abuse","1012","Email"
"19/01/2024 11:53","SEC000253","-","1008","-"
"19/01/2024 11:52","SEC000252","-","1004","-"
"19/01/2024 11:51","AA000251","-","1000","-"
"19/01/2024 11:51","AA000250","-","996","-"
"19/01/2024 10:36","SEC000249","-","992","-"
"19/01/2024 10:35","SEC000248","-","988","-"
"19/01/2024 10:25","SEC000247","-","984","-"
"19/01/2024 10:19","SEC000246","-","980","-"
"18/01/2024 22:49","SEC000245","-","976","-"
"18/01/2024 22:46","SEC000244","-","972","-"
"18/01/2024 22:15","SEC000243","-","968","-"
"18/01/2024 22:14","SEC000242","-","964","-"
"18/01/2024 20:26","SEC000241","-","960","-"
"16/01/2024 20:25","SEC000240","-","956","-"
"16/01/2024 17:53","SEC000239","-","952","-"
"16/01/2024 15:08","SEC000238","-","948","-"
"16/01/2024 15:07","SEC000237","-","944","-"
"16/01/2024 15:04","SEC000236","-","940","-"
"16/01/2024 15:02","SEC000235","-","936","-"
"16/01/2024 15:01","SEC000234","-","932","-"
"16/01/2024 15:00","SEC000233","-","928","-"
"16/01/2024 14:59","SEC000232","-","924","-"
"16/01/2024 14:58","AA000231","-","920","-"
"16/01/2024 14:58","AA000230","-","916","-"
"16/01/2024 14:31","SEC000229","-","912","-"
"16/01/2024 14:28","SEC000228","-","908","-"
"16/01/2024 14:26","SEC000227","-","904","-"
"16/01/2024 14:26","SEC000226","-","900","-"
"16/01/2024 14:25","SEC000225","-","896","-"
"16/01/2024 14:24","SEC000224","-","892","-"
"16/01/2024 14:23","SEC000223","-","888","-"
"16/01/2024 14:22","AA000222","-","884","-"
"16/01/2024 14:22","AA000221","-","880","-"
"16/01/2024 13:21","SEC000220","-","876","-"
"11/01/2024 15:36","AA000219","-","872","-"
"11/01/2024 10:49","SEC000218","-","868","-"
"11/01/2024 10:39","SEC000217","-","864","-"
"11/01/2024 10:35","SEC000216","-","860","-"
"10/01/2024 23:52","SEC000215","-","856","-"
"10/01/2024 23:51","SEC000214","-","852","-"
"10/01/2024 23:50","SEC000213","-","848","-"
"10/01/2024 23:49","SEC000212","-","844","-"
"10/01/2024 23:49","SEC000211","-","840","-"
"10/01/2024 23:47","AA000210","-","836","-"
"10/01/2024 23:47","AA000209","-","832","-"
"10/01/2024 22:01","SEC000208","-","828","-"
"10/01/2024 22:00","SEC000207","-","824","-"
"10/01/2024 21:59","SEC000206","-","820","-"
"10/01/2024 21:59","SEC000205","-","816","-"
"10/01/2024 21:57","AA000204","-","812","-"
"10/01/2024 21:57","AA000203","-","808","-"
"10/01/2024 21:32","SEC000202","-","804","-"
"10/01/2024 21:26","SEC000201","-","800","-"
"10/01/2024 21:23","SEC000200","-","796","-"
"10/01/2024 21:19","SEC000199","-","792","-"
"10/01/2024 21:03","SEC000198","-","788","-"
"10/01/2024 20:13","SEC000197","-","784","-"
"10/01/2024 20:09","SEC000196","-","780","-"
"10/01/2024 19:46","SEC000195","-","776","-"
"10/01/2024 19:34","SEC000194","-","772","-"
"10/01/2024 17:33","SEC000193","-","768","-"
"10/01/2024 17:32","SEC000192","-","764","-"
"10/01/2024 17:31","SEC000191","-","760","-"
"10/01/2024 17:31","SEC000190","-","756","-"
"10/01/2024 17:30","AA000189","-","752","-"
"10/01/2024 17:29","AA000188","-","748","-"
"10/01/2024 16:05","SEC000187","-","744","-"
"10/01/2024 16:03","SEC000186","-","740","-"
"10/01/2024 16:03","SEC000185","-","736","-"
"10/01/2024 16:01","AA000184","-","732","-"
"10/01/2024 16:01","AA000183","-","728","-"
"10/01/2024 15:11","SEC000182","-","724","-"
"10/01/2024 15:11","SEC000181","-","720","-"
"10/01/2024 15:09","AA000180","-","716","-"
"10/01/2024 15:09","AA000179","-","712","-"
"10/01/2024 15:01","SEC000178","-","708","-"
"10/01/2024 15:00","SEC000177","-","704","-"
"10/01/2024 14:59","AA000176","-","700","-"
"10/01/2024 14:58","AA000175","-","696","-"
"10/01/2024 14:52","SEC000174","-","692","-"
"10/01/2024 14:38","SEC000173","-","688","-"
"10/01/2024 14:30","SEC000172","-","684","-"
"10/01/2024 14:26","SEC000171","-","680","-"
"09/01/2024 22:30","SEC000170","-","676","-"
"09/01/2024 22:27","SEC000169","-","672","-"
"09/01/2024 22:26","SEC000168","-","668","-"
"09/01/2024 22:25","AA000167","-","664","-"
"09/01/2024 22:24","AA000166","-","660","-"
"09/01/2024 20:20","SEC000165","-","656","-"
"09/01/2024 20:18","SEC000164","-","652","-"
"09/01/2024 20:18","SEC000163","-","648","-"
"09/01/2024 20:16","AA000162","-","644","-"
"09/01/2024 20:16","AA000161","-","640","-"
"09/01/2024 20:10","SEC000160","-","636","-"
"09/01/2024 20:10","SEC000159","-","632","-"
"09/01/2024 20:09","AA000158","-","628","-"
"09/01/2024 20:08","AA000157","-","624","-"
"09/01/2024 20:03","SEC000156","-","620","-"
"09/01/2024 20:01","SEC000155","-","616","-"
"09/01/2024 20:01","SEC000154","-","612","-"
"09/01/2024 20:01","SEC000153","-","608","-"
"09/01/2024 20:00","SEC000152","-","604","-"
"09/01/2024 19:59","AA000151","-","600","-"
"09/01/2024 19:59","AA000150","-","596","-"
"09/01/2024 19:59","AA000149","-","592","-"
"09/01/2024 19:58","AA000148","-","588","-"
"09/01/2024 19:33","SEC000147","-","584","-"
"18/07/2024 13:03","-","-","580","-"
"18/07/2024 13:03","-","-","576","-"
"18/07/2024 13:03","-","-","572","-"
"18/07/2024 13:03","-","-","568","-"
"18/07/2024 13:03","-","-","564","-"
"18/07/2024 13:03","-","-","560","-"
"18/07/2024 13:03","-","-","556","-"
"18/07/2024 13:03","-","-","552","-"
"18/07/2024 13:03","-","-","548","-"
"18/07/2024 13:03","-","-","544","-"
"18/07/2024 13:03","-","-","540","-"
"18/07/2024 13:03","-","-","536","-"
"18/07/2024 13:03","-","-","532","-"
"18/07/2024 13:03","-","-","528","-"
"18/07/2024 13:03","-","-","524","-"
"18/07/2024 13:03","-","-","520","-"
"18/07/2024 13:03","-","-","516","-"
"18/07/2024 13:03","-","-","512","-"
"18/07/2024 13:03","-","-","508","-"
"18/07/2024 13:03","-","-","504","-"
"18/07/2024 13:03","-","-","500","-"
"18/07/2024 13:03","-","-","496","-"
"18/07/2024 13:03","-","-","492","-"
"18/07/2024 13:03","-","-","488","-"
"18/07/2024 13:03","-","-","484","-"
"18/07/2024 13:03","-","-","480","-"
"18/07/2024 13:03","-","-","476","-"
"18/07/2024 13:03","-","-","472","-"
"18/07/2024 13:03","-","-","468","-"
"18/07/2024 13:03","-","-","464","-"
"18/07/2024 13:03","-","-","460","-"
"18/07/2024 13:03","-","-","456","-"
"18/07/2024 13:03","-","-","452","-"
"18/07/2024 13:03","-","-","448","-"
"18/07/2024 13:03","-","-","444","-"
"18/07/2024 13:03","-","-","440","-"
"18/07/2024 13:03","-","-","436","-"
"18/07/2024 13:03","-","-","432","-"
"18/07/2024 13:03","-","-","428","-"
"18/07/2024 13:03","-","-","424","-"
"18/07/2024 13:03","-","-","420","-"
"18/07/2024 13:03","-","-","416","-"
"18/07/2024 13:03","-","-","412","-"
"18/07/2024 13:03","-","-","408","-"
"18/07/2024 13:03","-","-","404","-"
"18/07/2024 13:03","-","-","400","-"
"18/07/2024 13:03","-","-","396","-"
"18/07/2024 13:03","-","-","392","-"
"18/07/2024 13:03","-","-","388","-"
"18/07/2024 13:03","-","-","384","-"
"18/07/2024 13:03","-","-","380","-"
"18/07/2024 13:03","-","-","376","-"
"18/07/2024 13:03","-","-","372","-"
"18/07/2024 13:03","-","-","368","-"
"18/07/2024 13:03","-","-","364","-"
"18/07/2024 13:03","-","-","360","-"
"18/07/2024 13:03","-","-","356","-"
"18/07/2024 13:03","-","-","352","-"
"18/07/2024 13:03","-","-","348","-"
"18/07/2024 13:03","-","-","344","-"
"18/07/2024 13:03","-","-","340","-"
"18/07/2024 13:03","-","-","336","-"
"18/07/2024 13:03","-","-","332","-"
"18/07/2024 13:03","-","-","328","-"
"18/07/2024 13:03","-","-","324","-"
"18/07/2024 13:03","-","-","320","-"
"18/07/2024 13:03","-","-","316","-"
"18/07/2024 13:03","-","-","312","-"
"18/07/2024 13:03","-","-","308","-"
"18/07/2024 13:03","-","-","304","-"
"18/07/2024 13:03","-","-","300","-"
"18/07/2024 13:03","-","-","296","-"
"18/07/2024 13:03","-","-","292","-"
"18/07/2024 13:03","-","-","288","-"
"18/07/2024 13:03","-","-","276","-"
"18/07/2024 13:03","-","-","272","-"
"18/07/2024 13:03","-","-","268","-"
"18/07/2024 13:03","-","-","264","-"
"18/07/2024 13:03","-","-","260","-"
"18/07/2024 13:03","-","-","256","-"
"18/07/2024 13:03","-","-","252","-"
"18/07/2024 13:03","-","-","248","-"
"18/07/2024 13:03","-","-","244","-"
"18/07/2024 13:03","-","-","240","-"
"18/07/2024 13:03","-","-","236","-"
"18/07/2024 13:03","-","-","232","-"
"18/07/2024 13:03","-","-","228","-"
"18/07/2024 13:03","-","-","224","-"
"18/07/2024 13:03","-","-","220","-"
"18/07/2024 13:03","-","-","216","-"
"29/12/2023 09:14","AA000054","NEW INCIDENT: AA000054 - Alarm Activations - Activated Alarms - Alarm Not Set","212","Email"
"28/12/2023 21:01","AA000053","NEW INCIDENT: AA000053 - Alarm Activations - Activated Alarms - Alarm Not Set","208","Email"
"28/12/2023 16:17","SEC000052","NEW INCIDENT: SEC000052 - Security & Crime - Violence - Verbal Abuse","204","Email"
"28/12/2023 15:23","SEC000051","NEW INCIDENT: SEC000051 - Security & Crime - Violence - Verbal Abuse","200","Email"
"28/12/2023 12:50","OP000050","NEW INCIDENT: OP000050 - Operations - Complaints - Cleaning Complaint","196","Email"
"28/12/2023 12:26","SEC000049","NEW INCIDENT: SEC000049 - Security & Crime - Violence - Verbal Abuse","192","Email"
"28/12/2023 11:58","SEC000048","NEW INCIDENT: SEC000048 - Security & Crime - Violence - Verbal Abuse","188","Email"
"28/12/2023 11:56","OP000047","NEW INCIDENT: OP000047 - Operations - Complaints - Cleaning Complaint","184","Email"
"28/12/2023 11:44","SEC000046","NEW INCIDENT: SEC000046 - Security & Crime - Violence - Verbal Abuse","180","Email"
"28/12/2023 11:37","OP000045","NEW INCIDENT: OP000045 - Operations - Complaints - Cleaning Complaint","176","Email"
"28/12/2023 11:07","OP000044","NEW INCIDENT: OP000044 - Operations - Complaints - Cleaning Complaint","172","Email"
"28/12/2023 10:59","OP000043","NEW INCIDENT: OP000043 - Operations - Complaints - Cleaning Complaint","168","Email"
"28/12/2023 10:47","OP000042","NEW INCIDENT: OP000042 - Operations - Complaints - Cleaning Complaint","164","Email"
"28/12/2023 10:33","OP000041","NEW INCIDENT: OP000041 - Operations - Complaints - Cleaning Complaint","160","Email"
"28/12/2023 10:31","OP000040","NEW INCIDENT: OP000040 - Operations - Complaints - Cleaning Complaint","156","Email"
"28/12/2023 10:10","OP000039","NEW INCIDENT: OP000039 - Operations - Complaints - Cleaning Complaint","152","Email"
"28/12/2023 10:02","OP000038","NEW INCIDENT: OP000038 - Operations - Complaints - Cleaning Complaint","148","Email"
"27/12/2023 17:32","SEC000037","NEW INCIDENT: SEC000037 - Security & Crime - Violence - Verbal Abuse","144","Email"
"27/12/2023 17:15","AA000036","NEW INCIDENT: AA000036 - Alarm Activations - Alarm Reports - Carbon Monoxide Alarm","140","Email"
"27/12/2023 16:44","SEC000035","NEW INCIDENT: SEC000035 - Security & Crime - Violence - Verbal Abuse","136","Email"
"27/12/2023 16:40","SEC000034","NEW INCIDENT: SEC000034 - Security & Crime - Violence - Verbal Abuse","132","Email"
"27/12/2023 16:05","SEC000033","NEW INCIDENT: SEC000033 - Security & Crime - Violence - Verbal Abuse","128","Email"
"27/12/2023 16:02","SEC000032","NEW INCIDENT: SEC000032 - Security & Crime - Violence - Verbal Abuse","124","Email"
"27/12/2023 15:38","SEC000031","NEW INCIDENT: SEC000031 - Security & Crime - Violence - Verbal Abuse","120","Email"
"27/12/2023 15:08","SEC000030","NEW INCIDENT: SEC000030 - Security & Crime - Violence - Verbal Abuse","116","Email"
"27/12/2023 15:02","SEC000029","NEW INCIDENT: SEC000029 - Security & Crime - Violence - Verbal Abuse","112","Email"
"27/12/2023 13:52","SEC000028","NEW INCIDENT: SEC000028 - Security & Crime - Violence - Verbal Abuse","108","Email"
"27/12/2023 13:20","SEC000027","NEW INCIDENT: SEC000027 - Security & Crime - Violence - Verbal Abuse","104","Email"
"27/12/2023 12:28","SEC000026","NEW INCIDENT: SEC000026 - Security & Crime - Violence - Verbal Abuse","100","Email"
"27/12/2023 12:24","SEC000025","NEW INCIDENT: SEC000025 - Security & Crime - Violence - Verbal Abuse","96","Email"
"27/12/2023 12:23","SEC000024","NEW INCIDENT: SEC000024 - Security & Crime - Violence - Verbal Abuse","92","Email"
"27/12/2023 12:16","SEC000023","NEW INCIDENT: SEC000023 - Security & Crime - Violence - Verbal Abuse","88","Email"
"27/12/2023 12:12","SEC000022","NEW INCIDENT: SEC000022 - Security & Crime - Violence - Verbal Abuse","84","Email"
"27/12/2023 11:52","SEC000021","NEW INCIDENT: SEC000021 - Security & Crime - Violence - Verbal Abuse","80","Email"
"27/12/2023 11:40","SEC000020","NEW INCIDENT: SEC000020 - Security & Crime - Violence - Verbal Abuse","76","Email"
"27/12/2023 11:38","SEC000019","NEW INCIDENT: SEC000019 - Security & Crime - Violence - Verbal Abuse","72","Email"
"27/12/2023 11:36","AA000018","NEW INCIDENT: AA000018 - Alarm Activations - Activated Alarms - Alarm Not Set","68","Email"
"27/12/2023 11:35","SEC000017","NEW INCIDENT: SEC000017 - Security & Crime - Violence - Verbal Abuse","64","Email"
"14/12/2023 14:49","AA000016","NEW INCIDENT: AA000016 - Alarm Activations - Test Alarms - Tracking Alarm","60","Email"
"14/12/2023 14:12","SEC000015","NEW INCIDENT: SEC000015 - Security & Crime - Violence - Verbal Abuse","56","Email"
"14/12/2023 14:07","SEC000014","NEW INCIDENT: SEC000014 - Security & Crime - Violence - Verbal Abuse","52","Email"
"14/12/2023 14:01","AA000013","NEW INCIDENT: AA000013 - Alarm Activations - Activated Alarms - Alarm Not Set","48","Email"
"14/12/2023 13:50","SEC000012","NEW INCIDENT: SEC000012 - Security & Crime - Violence - Verbal Abuse","44","Email"
"14/12/2023 13:45","SEC000011","NEW INCIDENT: SEC000011 - Security & Crime - Violence - Verbal Abuse","40","Email"
"14/12/2023 13:44","SEC000010","NEW INCIDENT: SEC000010 - Security & Crime - Violence - Verbal Abuse","36","Email"
"14/12/2023 12:14","AA000009","NEW INCIDENT: AA000009 - Alarm Activations - Activated Alarms - Alarm Not Set","32","Email"
"28/11/2023 12:06","SEC000007","NEW INCIDENT: SEC000007 - Security & Crime - Violence - Sexual Abuse / Assault / Harassment","28","Email"
"27/11/2023 18:03","SEC000006","NEW INCIDENT: SEC000006 - Security & Crime - Criminal Activities - Burglary","24","Email"
"27/11/2023 16:07","SEC000005","-","20","-"
"24/11/2023 12:25","SEC000004","-","16","-"
"21/11/2023 13:59","SEC000003","-","12","-"
"21/11/2023 13:25","SEC000002","-","8","-"
"21/11/2023 13:24","SEC000001","-","4","-"